new_path,original_path,file_size_bytes,sha256,status
CITATION.cff,see previous package or generated file,594,900acb9fdf261309a8c534097dc3e4042c009cdc64157b20221399288d4f5287,included_or_generated
DATA_DICTIONARY.csv,see previous package or generated file,3188,c0a5f281a3977d930ea6f4c0fdd41aa591f985d31227c7d4cfc3d33b575ab9cd,included_or_generated
EXCLUDED_DUPLICATE_FILES.md,see previous package or generated file,1120,9f054039038accbb4a36b426fb1e820a181579ba4d4f0d8c812397e3744ec6cf,included_or_generated
MANIFEST.csv,generated,32057,0af095bd40284182b94f82dcd1d29665e6d5e013ce8e7b370a8f890a6460e603,generated
PACKAGE_CHECK_SUMMARY.json,see previous package or generated file,577,0f3938c010de0d533c467895e78a75eaccb324f75939fe4e3f3ce4a2ded6f3b2,included_or_generated
README.md,see previous package or generated file,3156,024c1b14ecd11e9538ff23544ecd067ec3b5af4b18733477b38660e2f175966f,included_or_generated
VALIDATION_CHECKS.csv,see previous package or generated file,950,d82c26bca5ae28a708637720520793206b90b0e636f1058ba75d4baa98a0b77e,included_or_generated
VALIDATION_REPORT.md,see previous package or generated file,2083,24925369677200d825879ee68b1ade58635743b97275f0e6c00e3a47a4101e26,included_or_generated
data_master_workbooks/sea_22cities_article_data_master_v1.xlsx,see previous package or generated file,73079,24ae6fdcfa889ff58ad3528a89c37fb7a03c057bafe9451e8213157db8abc5a2,included_or_generated
data_master_workbooks/sea_22cities_city_dataset_2024_2025_cited_optimized.xlsx,see previous package or generated file,49885,f6bd240affe44afe4dbe9a3f6409796230a8da61db446dafe170996de5dbca08,included_or_generated
data_master_workbooks/sea_22cities_filled_monthly_dataset.xlsx,see previous package or generated file,28539,5b00c829caaa6d1d8456ce7a878e956b8dcbab212ee52f28bfa7f896789a26a2,included_or_generated
data_master_workbooks/sea_22cities_pt_its_master_v1.xlsx,see previous package or generated file,25359,07f74a6681fbc5d6b1ec119824ea8c0d9260e93682c0b6826b019248e8af40c1,included_or_generated
data_master_workbooks/tomtom_22cities_excel_field_template_bilingual.xlsx,see previous package or generated file,56775,a96e1eb664c4797947c69c058991a7edbddde8c3f385732984f9d9e9257a8fe2,included_or_generated
data_master_workbooks/tomtom_data_collection_table.xlsx,see previous package or generated file,10649,34c97f1f3327c0b0c264fcd0d7830cd11deb93157de66baed46a9c61d5a5b040,included_or_generated
data_plot_ready_csv/article_master_dataset_22cities.csv,see previous package or generated file,6765,f2ed1776e8adbc786193ea9f2ae17179d501554fd6eabedfc5bb6741ba38197d,included_or_generated
data_plot_ready_csv/figure3_annual_traffic_performance_2025.csv,see previous package or generated file,837,fd49897b5ceb9e110135ce977f722cc3e8b2acd385acb959f4e5e3c1969451ce,included_or_generated
data_plot_ready_csv/figure4_monthly_congestion_long_2024_2025.csv,see previous package or generated file,16599,516792d950fb97b781ea581caca4c158c709c6ce73f231f1cf1d1f2d19f4f57a,included_or_generated
data_plot_ready_csv/figure4_monthly_congestion_wide_2024_2025.csv,see previous package or generated file,2239,32755ad264c3ff01865043bd00b0f85496fed50d5adf88e1b74435a0fd8cc9c4,included_or_generated
data_plot_ready_csv/figure5_peak_hour_comparison_2025.csv,see previous package or generated file,1218,69956050246eb7578d95a91bb0fd4299d103b7852cf0729bcc34dcb1851d0475,included_or_generated
data_plot_ready_csv/monthly_congestion_summary_derived.csv,see previous package or generated file,1602,9e6cf2b63c07ae69d022f906b8c3f4ecb7fddd87949fba1cc44a12662d24461d,included_or_generated
data_plot_ready_csv/pt_its_evidence_log_long.csv,see previous package or generated file,12861,1bff6ab1d85edc430867ecff7f734b70914e01b8bb0be1666e6750b1e93cec0e,included_or_generated
data_plot_ready_csv/pt_its_source_registry.csv,see previous package or generated file,10014,86910723baf23ec42c04ee276cbca69c8889bdae45e3862a52a87982090118c7,included_or_generated
data_plot_ready_csv/pt_its_supplement_22cities.csv,see previous package or generated file,6366,d85caec56328bfde75f7c6784fd76e8692b7159bd9cd7bf8a1ec6cfa0a32ad08,included_or_generated
data_plot_ready_csv/urban_context_and_regression_variables.csv,see previous package or generated file,2058,a93e03c35a273131020363f3bae663416f2ac162eba0eb82e571ae03a151b855,included_or_generated
evidence_pt_its_sources/ATO_Bandung_transport_sector_profile_2024.pdf,see previous package or generated file,2079719,d8c42fb7c86b8cd45168669e4ffd2b866550fdf1a9d5c3075703e9a439320c0e,included_or_generated
evidence_pt_its_sources/ATO_Bangkok_transport_sector_profile_2024.pdf,see previous package or generated file,2040771,c778ce684554067b801a965c9ad0cc6d29f482534c05fe085755298933b1726d,included_or_generated
evidence_pt_its_sources/ATO_Davao_City_transport_sector_profile_2024.pdf,see previous package or generated file,1789674,c9ccbd7b9067ce52763d524c3617f01b14a86bbd5cfc9bce80d569e9c30563d4,included_or_generated
evidence_pt_its_sources/ATO_Hanoi_transport_sector_profile_2024.pdf,see previous package or generated file,1860333,4f795faf470cc54f42db21221178fcba0bbf8ed1dcbdce118cb404b0c2235313,included_or_generated
evidence_pt_its_sources/ATO_Jakarta_transport_sector_profile_2024.pdf,see previous package or generated file,1897054,8b0f53a18a3ad2cac3e6a3ca5f710ddb97ae01513e6c1f30d367c43932cab67c,included_or_generated
evidence_pt_its_sources/ATO_Kuala_Lumpur_transport_sector_profile_2024.pdf,see previous package or generated file,2035970,44c3f595190091f7b65f4d4bdbc66776c003bc13774fe88c87acc0101ba8c4af,included_or_generated
evidence_pt_its_sources/ATO_Medan_transport_sector_profile_2024.pdf,see previous package or generated file,2122381,75812e6b22f07d6105e963980b7001304f4aa0955b2b6aba967fa728d4c00e25,included_or_generated
evidence_pt_its_sources/ATO_Metro_Manila_transport_sector_profile_2024.pdf,see previous package or generated file,2125008,a7a9f7156e6692b4810a45eb1f18ef4feed125bbb1ebe25850c0f9d7a17bdfd5,included_or_generated
evidence_pt_its_sources/WorldBank_Indonesia_Mass_Transit_Project_P169548_2022.txt,see previous package or generated file,373439,828ca0f5d7e418c682f7015a63a7c1f5ee59df79964a7e522665de833a65c74d,included_or_generated
evidence_pt_its_sources/pt_its_evidence_issues_to_resolve.md,see previous package or generated file,1960,b04364a1b6f03b20657a7c5e04da7ee66c1c3252696b545675d33c72e9dfaf63,included_or_generated
evidence_pt_its_sources/pt_its_evidence_readme.md,see previous package or generated file,1183,b5c0738d51be6b44d66b523737a37d0b701044944d0494c79b4a6c1e49410204,included_or_generated
evidence_pt_its_sources/pt_its_scoring_rules.md,see previous package or generated file,1625,2b49b30b36783d2f21b01999a2e6efe8b454d418524e243f7725cb00906a987c,included_or_generated
evidence_pt_its_sources/pt_its_validation_report.md,see previous package or generated file,1472,579ed17aff0bb1fb1417d3067d9837cc297ef2f5c1d5567bfadb6e73c9bb697b,included_or_generated
evidence_pt_its_sources/pt_its_workbook_verification.txt,see previous package or generated file,2388,f880895ead96d788acc24040429c3a9b99375af405ead3a64df814e2ade7e4d6,included_or_generated
evidence_tomtom_screenshots/tomtom_screenshot_Indonesia_Bandung_2026-03-14_105256_631.png,see previous package or generated file,171401,6da79da88ee6f8bcdef42c38962d8064a09ebaef313b3a865971d1734b1a7d3e,included_or_generated
evidence_tomtom_screenshots/tomtom_screenshot_Indonesia_Bandung_2026-03-14_105307_378.png,see previous package or generated file,351464,2ebbcfd1d17003da495f0c61c8755d2c77d86c7cd688deb6ba182b8e9c1d4315,included_or_generated
evidence_tomtom_screenshots/tomtom_screenshot_Indonesia_Bandung_2026-03-14_105316_076.png,see previous package or generated file,207993,3e5d071b0ddd021fca6e55878480e35ef43433a7bb35b3ff83cdeb38365fe1f7,included_or_generated
evidence_tomtom_screenshots/tomtom_screenshot_Indonesia_Bandung_2026-03-14_105323_467.png,see previous package or generated file,152349,8190b5044e1e2307a759492a5ca89d3fb1d601ab7301e1a4b1d73fb7d793a58d,included_or_generated
evidence_tomtom_screenshots/tomtom_screenshot_Indonesia_Bandung_2026-03-14_105331_287.png,see previous package or generated file,174539,f381bc8d3fcbcabf4d4cb77d67c95a8b9bfc2d2d0de1033c0362f430cec1850f,included_or_generated
evidence_tomtom_screenshots/tomtom_screenshot_Indonesia_Bandung_2026-03-14_110444_883.png,see previous package or generated file,170618,ffe4204f7b4a16f841924f788638765808630f0737c816c715bd9cc98eec9449,included_or_generated
evidence_tomtom_screenshots/tomtom_screenshot_Indonesia_Jakarta_2026-03-14_110500_782.png,see previous package or generated file,178337,c94a89c2e9e1342d32b72bf4ad08cad4a062b604a8c57c24ef5d793067de3150,included_or_generated
evidence_tomtom_screenshots/tomtom_screenshot_Indonesia_Jakarta_2026-03-14_110510_639.png,see previous package or generated file,176368,3d7957caef1354bc907489df951df59a970a4c5770c189cd683671a01bf9926a,included_or_generated
evidence_tomtom_screenshots/tomtom_screenshot_Indonesia_Jakarta_2026-03-14_110517_642.png,see previous package or generated file,351109,19d301157ed31c941ad238e82b8493859aeb4cdd5c67a1c62d17e5649c189f6f,included_or_generated
evidence_tomtom_screenshots/tomtom_screenshot_Indonesia_Jakarta_2026-03-15_103536_742.png,see previous package or generated file,205798,494b8fee21cfbc80ce01a9cd673d8e60018c164fbdd26faa0808a1c13b171eda,included_or_generated
evidence_tomtom_screenshots/tomtom_screenshot_Indonesia_Jakarta_2026-03-15_103544_558.png,see previous package or generated file,151367,479e15fac66c1dd84c3e8e6e11070c41e6a3e864db37daca22864ebb68ef4225,included_or_generated
evidence_tomtom_screenshots/tomtom_screenshot_Indonesia_Jakarta_2026-03-15_103550_871.png,see previous package or generated file,182280,81a503fa6b2f297d7521a41ba440f6c793f564d21e2eef637d71afe54ebc5e0c,included_or_generated
evidence_tomtom_screenshots/tomtom_screenshot_Indonesia_Medan_2026-03-14_105137_669.png,see previous package or generated file,152131,5bca3db042574ec9b5a246549a3c3febb9828881326b31e8cf43928a8615dc0f,included_or_generated
evidence_tomtom_screenshots/tomtom_screenshot_Indonesia_Medan_2026-03-14_105155_074.png,see previous package or generated file,158617,f31857bdbc6109b2e16c24541dd15f47e083c1f27e2d406ed9ec24acaa253631,included_or_generated
evidence_tomtom_screenshots/tomtom_screenshot_Indonesia_Medan_2026-03-14_105205_058.png,see previous package or generated file,354755,2f30f637e0744b70573794dae8a934f0ea76a8493efab559e4b87f44a1b13b5c,included_or_generated
evidence_tomtom_screenshots/tomtom_screenshot_Indonesia_Medan_2026-03-14_105218_985.png,see previous package or generated file,202644,38213df57e3edb9af3b3c6ee1b585485ca93581d14f092fb7c242b21dea59e70,included_or_generated
evidence_tomtom_screenshots/tomtom_screenshot_Indonesia_Medan_2026-03-14_105226_315.png,see previous package or generated file,149085,f148d9ca6235eb119bf79978df82498b0a466ce8dfa62b3290ed5d0ac520b513,included_or_generated
evidence_tomtom_screenshots/tomtom_screenshot_Indonesia_Medan_2026-03-14_105234_761.png,see previous package or generated file,175954,576ef0fd6ebd3c19d903b65fc34e573406cea1e5bb79d042f7e07ee01abd7101,included_or_generated
evidence_tomtom_screenshots/tomtom_screenshot_Indonesia_Palembang_2026-03-15_103620_708.png,see previous package or generated file,169798,ce10d287231bb025087448a12b2594ccbdb8689345e5f7fa45c2f537bccdd962,included_or_generated
evidence_tomtom_screenshots/tomtom_screenshot_Indonesia_Palembang_2026-03-15_103629_077.png,see previous package or generated file,171073,4f22591a56cefaa76b5c06eca826249bb00bcf6fdbf163d121bd7ea548b445de,included_or_generated
evidence_tomtom_screenshots/tomtom_screenshot_Indonesia_Palembang_2026-03-15_103634_232.png,see previous package or generated file,357777,d8057a63084d77d7fae5e811415ab1011953b3a028e93cae47e92e7c9c0390b2,included_or_generated
evidence_tomtom_screenshots/tomtom_screenshot_Indonesia_Palembang_2026-03-15_103642_975.png,see previous package or generated file,205461,6d5b147f400fa1191d922b2898077c3df112f731af54ce9ed75549952632d679,included_or_generated
evidence_tomtom_screenshots/tomtom_screenshot_Indonesia_Palembang_2026-03-15_103649_470.png,see previous package or generated file,149848,5462b48a86d4072931931daf3e67e75f76724fd13dad05e9e3debfa7060870d0,included_or_generated
evidence_tomtom_screenshots/tomtom_screenshot_Indonesia_Palembang_2026-03-15_103700_129.png,see previous package or generated file,176510,9070939f178c35b11f5517eb1502a88de087f336f2f5a3090d8b9eea961c2973,included_or_generated
evidence_tomtom_screenshots/tomtom_screenshot_Indonesia_Surabaya_2026-03-15_104629_209.png,see previous package or generated file,171867,708a0b5b8f9b3f4ea05b27fc5898e685cdb218bdfe8d0d759fdd41d770046188,included_or_generated
evidence_tomtom_screenshots/tomtom_screenshot_Indonesia_Surabaya_2026-03-15_104638_334.png,see previous package or generated file,176976,d32bf1894791a7295b347a366d4ac7ad28ffddc49edb175fbf9151eb22cd1ef2,included_or_generated
evidence_tomtom_screenshots/tomtom_screenshot_Indonesia_Surabaya_2026-03-15_104643_770.png,see previous package or generated file,375939,8de80216efbb8d260ccede84b3a6b27821546ccc5ce035de284c95544c4222cc,included_or_generated
evidence_tomtom_screenshots/tomtom_screenshot_Indonesia_Surabaya_2026-03-15_104653_665.png,see previous package or generated file,201537,483494b61088adfa60c13904f80b5ab685c001e2a27d7e98a7f977c84d67d39d,included_or_generated
evidence_tomtom_screenshots/tomtom_screenshot_Indonesia_Surabaya_2026-03-15_104659_508.png,see previous package or generated file,149475,0825e59b735bb0e9a9a7748767fb1a49ea534bf08640fa6904a0e3c56a1ba6c0,included_or_generated
evidence_tomtom_screenshots/tomtom_screenshot_Indonesia_Surabaya_2026-03-15_104705_583.png,see previous package or generated file,176118,5d3b8ab3fab6f5cc6f0b829bc8766204a43d2f18919badf60864e268aae7f5d5,included_or_generated
evidence_tomtom_screenshots/tomtom_screenshot_Malaysia_George_Town_2026-03-13_215232_141.png,see previous package or generated file,124195,39b3013443d2da4f3209b103dec713cd02f5c797041b17b2f3b62e3dd014d538,included_or_generated
evidence_tomtom_screenshots/tomtom_screenshot_Malaysia_George_Town_2026-03-13_215313_607.png,see previous package or generated file,257212,554ad3ffacb746c5dbafc28b3073aeb1c24e59767634ad5e203e1c11f32dbeed,included_or_generated
evidence_tomtom_screenshots/tomtom_screenshot_Malaysia_George_Town_2026-03-13_215330_994.png,see previous package or generated file,150695,a3df6003e4f4029cb4f8c76eb9707d2b8b569311bfa2ca1d207b5f6db2eec81b,included_or_generated
evidence_tomtom_screenshots/tomtom_screenshot_Malaysia_George_Town_2026-03-13_215338_802.png,see previous package or generated file,97855,083cc71f1a5b196982a92d5b799853a77b62dbfc15d54ff92dc48296952f03b3,included_or_generated
evidence_tomtom_screenshots/tomtom_screenshot_Malaysia_George_Town_2026-03-13_215345_400.png,see previous package or generated file,120538,7c477fdead08e32c0a9cdf46bf362f14892fcad9158ec0f4e502e4697d4972b0,included_or_generated
evidence_tomtom_screenshots/tomtom_screenshot_Malaysia_Ipoh_2026-03-13_222538_550.png,see previous package or generated file,169420,410d99b691dc2f9bf8a50ca3303093256b72f98d81fb224cc9aae1d8e59ea970,included_or_generated
evidence_tomtom_screenshots/tomtom_screenshot_Malaysia_Ipoh_2026-03-13_222552_906.png,see previous package or generated file,169676,c7a9f5fd2d671ef7b039a51124863c7f2a4beba4f02ce0ef96f9d893076f9bb3,included_or_generated
evidence_tomtom_screenshots/tomtom_screenshot_Malaysia_Ipoh_2026-03-13_222559_847.png,see previous package or generated file,354935,cb469b498c04ebbd7b87d474549f61445245475251a2e02206b920d9355d9cc5,included_or_generated
evidence_tomtom_screenshots/tomtom_screenshot_Malaysia_Ipoh_2026-03-13_222633_839.png,see previous package or generated file,194583,162e4c10a84a38823b0fc5a87f05fbbefcea5bf50782cacc4c2203366da3a9a2,included_or_generated
evidence_tomtom_screenshots/tomtom_screenshot_Malaysia_Ipoh_2026-03-13_222725_799.png,see previous package or generated file,153028,0246b3ba8134045752a4fa47cea63c27d5d7c5d36ea56ec62bbcbb505e13730c,included_or_generated
evidence_tomtom_screenshots/tomtom_screenshot_Malaysia_Ipoh_2026-03-13_222811_624.png,see previous package or generated file,185201,3c62ee0c6074a630d2f796261abe9a26353d7d4d4362e35d98bf9c3585bed82a,included_or_generated
evidence_tomtom_screenshots/tomtom_screenshot_Malaysia_Johor_Bahru_2026-03-13_222026_826.png,see previous package or generated file,121089,d5f9acab34367b7b744d79fa233845597d502f37b1b4c195419460ed0fe5d201,included_or_generated
evidence_tomtom_screenshots/tomtom_screenshot_Malaysia_Johor_Bahru_2026-03-13_222040_199.png,see previous package or generated file,113840,163882f856a7f12c823a233c5daa903aa449ed244793a58d10068c2df077b834,included_or_generated
evidence_tomtom_screenshots/tomtom_screenshot_Malaysia_Johor_Bahru_2026-03-13_222226_806.png,see previous package or generated file,245848,cab1ef41cf072760f111fbf7fa9fb5231d2a37c295926b78b0593fabff3392b1,included_or_generated
evidence_tomtom_screenshots/tomtom_screenshot_Malaysia_Johor_Bahru_2026-03-13_222239_077.png,see previous package or generated file,182527,4cb36674e74cdffffb0d404cd13c1051803f416ffc796dcdc91ee7a980178766,included_or_generated
evidence_tomtom_screenshots/tomtom_screenshot_Malaysia_Johor_Bahru_2026-03-13_222246_317.png,see previous package or generated file,144575,903a46ccbbbe6448ce3ba39e11b5b0e9af83083710cfd9d46a4e220fc6575713,included_or_generated
evidence_tomtom_screenshots/tomtom_screenshot_Malaysia_Johor_Bahru_2026-03-13_222253_080.png,see previous package or generated file,177768,faf9ed7f85c23347b882b9d2a1db7c4c9826f0986eebad881fdd8222e7bdeaed,included_or_generated
evidence_tomtom_screenshots/tomtom_screenshot_Malaysia_Kajang_2026-03-13_223058_758.png,see previous package or generated file,176852,fdf0cc128953c33c32cde65f839463d57fb67961d4adc42af7b65d3d2f7af89f,included_or_generated
evidence_tomtom_screenshots/tomtom_screenshot_Malaysia_Kajang_2026-03-13_223111_480.png,see previous package or generated file,175397,40c33698a573fb926a8e8e691eedf2f0d98ceb756a0d7346a0791c2893a5d845,included_or_generated
evidence_tomtom_screenshots/tomtom_screenshot_Malaysia_Kajang_2026-03-13_223119_067.png,see previous package or generated file,350726,572876ae431ea1d6ace0c9c762df9495924bae424273fe2687af6601b0d461f2,included_or_generated
evidence_tomtom_screenshots/tomtom_screenshot_Malaysia_Kajang_2026-03-13_223133_449.png,see previous package or generated file,181872,4aed98f5797d6f8d09ff06b15945fa077cd477c7eba4a15beedd55c12a10157e,included_or_generated
evidence_tomtom_screenshots/tomtom_screenshot_Malaysia_Kajang_2026-03-13_223140_138.png,see previous package or generated file,149045,e1e7a0efce075804b34b6c5e8a896c1c470708859825ef766d52951d2c1a9cc4,included_or_generated
evidence_tomtom_screenshots/tomtom_screenshot_Malaysia_Kajang_2026-03-13_223151_996.png,see previous package or generated file,182717,7215cfd517cd2282bf2e5f0190b60d6ebd30e16c567eb568542c9e9f25811c70,included_or_generated
evidence_tomtom_screenshots/tomtom_screenshot_Malaysia_Kota_Bharu_2026-03-13_220055_322.png,see previous package or generated file,109562,92a5c4f447f8ccb808fa26c4c211bd7f55a0e57d4d150fa676d815e0e700c314,included_or_generated
evidence_tomtom_screenshots/tomtom_screenshot_Malaysia_Kota_Bharu_2026-03-13_220239_522.png,see previous package or generated file,246217,a79d21e5c5bfe3c72c9ca92acd1cfb6abd3d8a348e19206adf8d7af2adb94ba5,included_or_generated
evidence_tomtom_screenshots/tomtom_screenshot_Malaysia_Kota_Bharu_2026-03-13_220246_693.png,see previous package or generated file,109346,3fd8afaead61a77bb7a71c320346372b9e80b03e6a5f34e01e99233705cfc9af,included_or_generated
evidence_tomtom_screenshots/tomtom_screenshot_Malaysia_Kota_Bharu_2026-03-13_220729_493.png,see previous package or generated file,156892,98c724f0ce232c96ffcc7f46411a8b551823e432cc8a09962822d9ad81cba0ff,included_or_generated
evidence_tomtom_screenshots/tomtom_screenshot_Malaysia_Kota_Bharu_2026-03-13_220736_399.png,see previous package or generated file,117292,bf0a12d08529ef58aa56f42b49ada34818a1f4f432e3e236c1ac2f0005088b2c,included_or_generated
evidence_tomtom_screenshots/tomtom_screenshot_Malaysia_Kota_Bharu_2026-03-13_220744_110.png,see previous package or generated file,143281,e45e423ba8c892efd07191df0f0f53ad06d9e05f5afa769ae3c6015420b6b8ed,included_or_generated
evidence_tomtom_screenshots/tomtom_screenshot_Malaysia_Kuala_Lumpur_2026-03-13_221325_643.png,see previous package or generated file,122739,3aa31980eba3a7fb0e5abae654726223941f42c7ae9c7b5a5e7904f56662b80b,included_or_generated
evidence_tomtom_screenshots/tomtom_screenshot_Malaysia_Kuala_Lumpur_2026-03-13_221337_002.png,see previous package or generated file,247899,5ed180de2314692ac5a9dbc00c0ae038e444c9faca53eb2176b216a819ec9e75,included_or_generated
evidence_tomtom_screenshots/tomtom_screenshot_Malaysia_Kuala_Lumpur_2026-03-13_221348_647.png,see previous package or generated file,151231,8c81acbc5c53cd118daf021ba776d7f5fbb01a5bc3fd6cd6d34a1a673b569d67,included_or_generated
evidence_tomtom_screenshots/tomtom_screenshot_Malaysia_Kuala_Lumpur_2026-03-13_221413_148.png,see previous package or generated file,116510,b8cf81630e7c91c4745fe52f389a74fa9faa8a37d9e25f622319e8618b8c6616,included_or_generated
evidence_tomtom_screenshots/tomtom_screenshot_Malaysia_Kuala_Lumpur_2026-03-13_221429_058.png,see previous package or generated file,143362,ceeb3c04b815d9f9dcf4be545dc6928a402349d184bb1a71e87a0a8d7669b6fe,included_or_generated
evidence_tomtom_screenshots/tomtom_screenshot_Malaysia_Kuala_Lumpur_2026-03-13_221505_080.png,see previous package or generated file,124931,2c097c8fbb2cfe3b41a0c933573430fba31644762c8cd1f788626c6237c5d379,included_or_generated
evidence_tomtom_screenshots/tomtom_screenshot_Malaysia_Seberang_Perai_2026-03-13_221653_119.png,see previous package or generated file,123338,7dddfa74eb520a7c46e45d2e674b5224db20dc7d42d593c65cb108baea5419a9,included_or_generated
evidence_tomtom_screenshots/tomtom_screenshot_Malaysia_Seberang_Perai_2026-03-13_221709_319.png,see previous package or generated file,123032,d013f8e380c75e85e29f86ac17e65328f98ccec39234ad1b7c7ef0ba1fd1b9fe,included_or_generated
evidence_tomtom_screenshots/tomtom_screenshot_Malaysia_Seberang_Perai_2026-03-13_221929_845.png,see previous package or generated file,242421,5db71c0860862a44f342f005a026241aeff1445f51a5b25f5ddd30694d56e6ae,included_or_generated
evidence_tomtom_screenshots/tomtom_screenshot_Malaysia_Seberang_Perai_2026-03-13_221937_462.png,see previous package or generated file,132236,b38a447dec661f5da9169f3e754432803a773208db5f95e745f743503561b00d,included_or_generated
evidence_tomtom_screenshots/tomtom_screenshot_Malaysia_Seberang_Perai_2026-03-13_221955_690.png,see previous package or generated file,147215,ed073e42fe4f29f628988b3e03ca94c0a549aec1954ec49224193e52449db4ce,included_or_generated
evidence_tomtom_screenshots/tomtom_screenshot_Malaysia_Seberang_Perai_2026-03-13_222002_048.png,see previous package or generated file,175120,59b79b31d9dbb1907da570749047dd811263efb656f2d1cf59690e9009d86b4c,included_or_generated
evidence_tomtom_screenshots/tomtom_screenshot_Philippines_Davao_City_2026-03-15_104723_884.png,see previous package or generated file,169567,df84252612adfdb789091d8cac0a30987ece6e8ffb6091aa0ec4e7beedcee679,included_or_generated
evidence_tomtom_screenshots/tomtom_screenshot_Philippines_Davao_City_2026-03-15_104738_689.png,see previous package or generated file,173181,be464a77be6440fd733993fb32fd9948b4f96eb5c88a2cf76a9d2f2bb4fe16b1,included_or_generated
evidence_tomtom_screenshots/tomtom_screenshot_Philippines_Davao_City_2026-03-15_104744_215.png,see previous package or generated file,352697,3cfcbb0ba25f13252a6d122153648e0cbe80971599d102adfe28b3b77e390bd5,included_or_generated
evidence_tomtom_screenshots/tomtom_screenshot_Philippines_Davao_City_2026-03-15_104755_978.png,see previous package or generated file,203283,f50460dccaf574772bbabdf799f05f62a49f5d402943350c999b0e18a4951bcd,included_or_generated
evidence_tomtom_screenshots/tomtom_screenshot_Philippines_Davao_City_2026-03-15_104801_832.png,see previous package or generated file,154640,f859ad0a7b7a210dcca824407fa829e6707af3c3bc98f8b08137cbfc6b1e8c7e,included_or_generated
evidence_tomtom_screenshots/tomtom_screenshot_Philippines_Davao_City_2026-03-15_104808_276.png,see previous package or generated file,175644,abe15bea9dcccf75d6ed345ae91cd4e4651c24f1e7e3111a175b25881e219076,included_or_generated
evidence_tomtom_screenshots/tomtom_screenshot_Philippines_Manila_2026-03-15_105344_827.png,see previous package or generated file,134903,2fa8a0600441b556f2b6ed63817dff7d3330cbc57557f73333e38d2984b9bf5f,included_or_generated
evidence_tomtom_screenshots/tomtom_screenshot_Philippines_Manila_2026-03-15_105354_428.png,see previous package or generated file,135787,89e3727b3227f092e90d13fc44ec50b63cde6a3a20b3b309b143174bde290c5c,included_or_generated
evidence_tomtom_screenshots/tomtom_screenshot_Philippines_Manila_2026-03-15_105359_661.png,see previous package or generated file,354978,20a3ee2d68fdd4a57065dba32b4e55f79d8a7c8025ad37c466e740239b263423,included_or_generated
evidence_tomtom_screenshots/tomtom_screenshot_Philippines_Manila_2026-03-15_105410_172.png,see previous package or generated file,208364,2b38d744cd59a2533f2b0ef6ac36b2cb201765a845710e2e70331f1e8be5e457,included_or_generated
evidence_tomtom_screenshots/tomtom_screenshot_Philippines_Manila_2026-03-15_105416_532.png,see previous package or generated file,157078,6308d2f2ece712d71f36396c5c86c3c352ecebfc4e2000e98b829b4237e53979,included_or_generated
evidence_tomtom_screenshots/tomtom_screenshot_Philippines_Manila_2026-03-15_105421_548.png,see previous package or generated file,177840,99a282c6d6cef2da1d65e4d776252f64f8563f1b3079a8cfc5dcc6c93f4d0a71,included_or_generated
evidence_tomtom_screenshots/tomtom_screenshot_Singapore_Singapore_2026-03-15_111607_331.png,see previous package or generated file,174930,d789ccb023882e511f3541c97d1d0cca1891951d5892ff7a5564fc442198cdef,included_or_generated
evidence_tomtom_screenshots/tomtom_screenshot_Singapore_Singapore_2026-03-15_111619_968.png,see previous package or generated file,174504,fdba84b4250485a082ab3db9eb49d03caa663df5a8978d539e3cf0cb1ee5da7b,included_or_generated
evidence_tomtom_screenshots/tomtom_screenshot_Singapore_Singapore_2026-03-15_111626_215.png,see previous package or generated file,374019,c297b9f838942ad7ce6c5c78b4cac0db81cfd48b68abc53255cf7e41b68e2d45,included_or_generated
evidence_tomtom_screenshots/tomtom_screenshot_Singapore_Singapore_2026-03-15_111634_749.png,see previous package or generated file,193915,d17598fe02e1b4d6dd458eb2f01a714cce9125ad144eafffa2e205ece665df98,included_or_generated
evidence_tomtom_screenshots/tomtom_screenshot_Singapore_Singapore_2026-03-15_111641_561.png,see previous package or generated file,154700,d84573744e93bb8f4e089aea89d0146a0d20e1016152dcaa3a92bd5e3f0e19fb,included_or_generated
evidence_tomtom_screenshots/tomtom_screenshot_Singapore_Singapore_2026-03-15_111648_844.png,see previous package or generated file,185623,c96b1a19b385589254b9d8bafda55905474635baf9168e6b3fc9a266295c049a,included_or_generated
evidence_tomtom_screenshots/tomtom_screenshot_Vietnam_Ha_Noi_2026-03-15_105907_791.png,see previous package or generated file,171153,44a082dc656cd8f1945fe9ef4d0aaf52764c81657c8971a4831afa16f19638f7,included_or_generated
evidence_tomtom_screenshots/tomtom_screenshot_Vietnam_Ha_Noi_2026-03-15_105923_705.png,see previous package or generated file,177214,41edce55d4a166b92c1983024ef882ee3532ac04f8413167f6947d90ac6736ae,included_or_generated
evidence_tomtom_screenshots/tomtom_screenshot_Vietnam_Ha_Noi_2026-03-15_105929_839.png,see previous package or generated file,350024,c09b37151f0af3f57ec68fc75e991759f2ab634eb1ec9ad7f4119bb5f24f07ee,included_or_generated
evidence_tomtom_screenshots/tomtom_screenshot_Vietnam_Ha_Noi_2026-03-15_110210_487.png,see previous package or generated file,209051,6905d2e3bd2f89e52e20e2f671dd414dc79ffc9c318a78f01cd4de1d6c8d24d5,included_or_generated
evidence_tomtom_screenshots/tomtom_screenshot_Vietnam_Ha_Noi_2026-03-15_110219_373.png,see previous package or generated file,153782,397b9e82b69cba37fc870f2ce23ac491a02c179764660ecca283a844b411d8dd,included_or_generated
evidence_tomtom_screenshots/tomtom_screenshot_Vietnam_Ha_Noi_2026-03-15_110224_757.png,see previous package or generated file,176594,6e1eb6770f41b67d60b95f70c6c319fb519eca4ffbd397eb6941e75f2a98ceeb,included_or_generated
evidence_tomtom_screenshots/tomtom_screenshot_Vietnam_Ho_Chi_Minh_2026-03-15_111415_294.png,see previous package or generated file,170570,45390f84df0633b067c760a1c68f99f5563d791d9e201e9d823078257f545b44,included_or_generated
evidence_tomtom_screenshots/tomtom_screenshot_Vietnam_Ho_Chi_Minh_2026-03-15_111432_396.png,see previous package or generated file,173447,0996fdbe720d8f5a214285822a2d04b36b0c1a33650a0642690294de3f3c551d,included_or_generated
evidence_tomtom_screenshots/tomtom_screenshot_Vietnam_Ho_Chi_Minh_2026-03-15_111438_597.png,see previous package or generated file,354914,7551ad1f0a94853d61730db030c8b4f8d14f9e0bc447ef70f1bdaab616a86c6e,included_or_generated
evidence_tomtom_screenshots/tomtom_screenshot_Vietnam_Ho_Chi_Minh_2026-03-15_111448_062.png,see previous package or generated file,192704,e783f6695be30c2e9cf01aa94b55fdfd6d113213980d99bad513f8067bede9cd,included_or_generated
evidence_tomtom_screenshots/tomtom_screenshot_Vietnam_Ho_Chi_Minh_2026-03-15_111455_487.png,see previous package or generated file,144493,5c65740b85891664b2d0464d2561e35b340350f88f2d9caf322fe140cd24b2d2,included_or_generated
evidence_tomtom_screenshots/tomtom_screenshot_Vietnam_Ho_Chi_Minh_2026-03-15_111501_142.png,see previous package or generated file,162167,4a2f126391e472c1b4232d95adb47ef5dfd5aac9cf64e210261dbda01a82c075,included_or_generated
evidence_tomtom_screenshots/tomtom_screenshot_manifest.csv,see previous package or generated file,21437,7ecaa704dbc0237fff479d0af705ae33c245b15b230e716cb9e99b4331ba6ea7,included_or_generated
figures_png/figure1_sea_22cities_study_area.png,see previous package or generated file,743106,ba1813a19d5bcba659814f5ebdd0b874ce61ba9ad90627435085a15f22251d42,included_or_generated
figures_png/figure2_analytical_framework_compact.png,see previous package or generated file,568696,bd60944919dbfbc94c4f424809eb91e2d3550e830195f0bb48cddf4a374b488b,included_or_generated
figures_png/figure3_cross_city_traffic_performance.png,see previous package or generated file,613053,b32c492f8c009a9f4212ea6e3b1207d5deb12c3a1ba0b91859050152e138fef0,included_or_generated
figures_png/figure4_monthly_congestion_heatmap.png,see previous package or generated file,856992,e2ea66333d0e461d3ca38af830332a878077206a94d55561d6e65097243c0eca,included_or_generated
figures_png/figure5_peak_hour_comparison.png,see previous package or generated file,236901,ae49828dc3663fc16f83a295c0cc250d86ba7edee05591d8c04f628d415f6782,included_or_generated
figures_png/figure6_standardized_context_matrix.png,see previous package or generated file,659652,caed826d6a32b82e2ac2d96c2d943744c70b29159b488a6f14b4033a79b80ec1,included_or_generated
figures_png/figure7_city_typology_country_shapes.png,see previous package or generated file,383964,ac42108821724b73b280a4587db53ca62ad5fc70b0c0ad29561c80460b5aeffe,included_or_generated
scripts_python/make_csv_from_source_tables.py,see previous package or generated file,3906,31ae2e9ac93108ab6564d6eddca3fde3b4581c3fca31694b7349912c9b48c04d,included_or_generated
scripts_python/plot_figure1.py,see previous package or generated file,4622,1bedde684bc87bf3304d86c3e9369d239c19d26ebc7b9f6f66a67e47ed024bff,included_or_generated
scripts_python/plot_figure3.py,see previous package or generated file,2333,85858c6086db3f937d4e3392ded59bc01d7789230f046725a464d9aaa876d75a,included_or_generated
scripts_python/plot_figure4.py,see previous package or generated file,6383,10d8929dea179ef51464840cdbdd1b99077538c790fcafa4a260e58140b96806,included_or_generated
scripts_python/plot_figure5.py,see previous package or generated file,5995,780c35f844eb18b7d3e4c537361963e1478b494efcbb2bc04135584e6245ce65,included_or_generated
